{"inputMax":702.4140014648438,"inputMin":133.39500427246094,"labelMax":702.4140014648438,"labelMin":133.39500427246094}