{"inputMax":702.4749755859375,"inputMin":194.29800415039062,"labelMax":702.4749755859375,"labelMin":194.29800415039062}