{"inputMax":421.8590087890625,"inputMin":73.16899871826172,"labelMax":421.8590087890625,"labelMin":73.16899871826172}