{"inputMax":652.531005859375,"inputMin":197.4759979248047,"labelMax":652.531005859375,"labelMin":197.4759979248047}