{"inputMax":789.406982421875,"inputMin":167.02000427246094,"labelMax":789.406982421875,"labelMin":167.02000427246094}