{"inputMax":453.98199462890625,"inputMin":73.16899871826172,"labelMax":453.98199462890625,"labelMin":73.16899871826172}