{"inputMax":789.406982421875,"inputMin":141.66600036621094,"labelMax":789.406982421875,"labelMin":141.66600036621094}