{"inputMax":725.1820068359375,"inputMin":167.02000427246094,"labelMax":725.1820068359375,"labelMin":167.02000427246094}