{"inputMax":597.4080200195312,"inputMin":259.01300048828125,"labelMax":597.4080200195312,"labelMin":259.01300048828125}