{"inputMax":672.8040161132812,"inputMin":301.5249938964844,"labelMax":672.8040161132812,"labelMin":301.5249938964844}