{"inputMax":633.6799926757812,"inputMin":0,"labelMax":633.6799926757812,"labelMin":0}