{"inputMax":1032.8489990234375,"inputMin":250.9320068359375,"labelMax":1032.8489990234375,"labelMin":250.9320068359375}