{"inputMax":714.6370239257812,"inputMin":133.39500427246094,"labelMax":714.6370239257812,"labelMin":133.39500427246094}