{"inputMax":822.3709716796875,"inputMin":169.3509979248047,"labelMax":822.3709716796875,"labelMin":169.3509979248047}