{"inputMax":702.4749755859375,"inputMin":197.4759979248047,"labelMax":702.4749755859375,"labelMin":197.4759979248047}