{"inputMax":612.1680297851562,"inputMin":163.4770050048828,"labelMax":612.1680297851562,"labelMin":163.4770050048828}