{"inputMax":762.0980224609375,"inputMin":116.64099884033203,"labelMax":762.0980224609375,"labelMin":116.64099884033203}