{"inputMax":527.7540283203125,"inputMin":98.35900115966797,"labelMax":527.7540283203125,"labelMin":98.35900115966797}