{"inputMax":822.3709716796875,"inputMin":97.96099853515625,"labelMax":822.3709716796875,"labelMin":97.96099853515625}