{"inputMax":781.0499877929688,"inputMin":105.36599731445312,"labelMax":781.0499877929688,"labelMin":105.36599731445312}