{"inputMax":863.989013671875,"inputMin":464.15301513671875,"labelMax":863.989013671875,"labelMin":464.15301513671875}