{"inputMax":546.3250122070312,"inputMin":97.89299774169922,"labelMax":546.3250122070312,"labelMin":97.89299774169922}