{"inputMax":616.2919921875,"inputMin":133.39500427246094,"labelMax":616.2919921875,"labelMin":133.39500427246094}