{"inputMax":597.4080200195312,"inputMin":261.2900085449219,"labelMax":597.4080200195312,"labelMin":261.2900085449219}