{"inputMax":593.0419921875,"inputMin":165.5800018310547,"labelMax":593.0419921875,"labelMin":165.5800018310547}