{"inputMax":605.1339721679688,"inputMin":165.5800018310547,"labelMax":605.1339721679688,"labelMin":165.5800018310547}