{"inputMax":588.989990234375,"inputMin":165.5800018310547,"labelMax":588.989990234375,"labelMin":165.5800018310547}