{"inputMax":1028.93603515625,"inputMin":285.9840087890625,"labelMax":1028.93603515625,"labelMin":285.9840087890625}