{"inputMax":609.781005859375,"inputMin":141.16299438476562,"labelMax":609.781005859375,"labelMin":141.16299438476562}