{"inputMax":422.2300109863281,"inputMin":76.05500030517578,"labelMax":422.2300109863281,"labelMin":76.05500030517578}