{"inputMax":651.3770141601562,"inputMin":108.01000213623047,"labelMax":651.3770141601562,"labelMin":108.01000213623047}