{"inputMax":518.2689819335938,"inputMin":86.60399627685547,"labelMax":518.2689819335938,"labelMin":86.60399627685547}