{"inputMax":589.8040161132812,"inputMin":261.2900085449219,"labelMax":589.8040161132812,"labelMin":261.2900085449219}