{"inputMax":682.14501953125,"inputMin":197.4759979248047,"labelMax":682.14501953125,"labelMin":197.4759979248047}