{"inputMax":707.39599609375,"inputMin":169.3509979248047,"labelMax":707.39599609375,"labelMin":169.3509979248047}