{"inputMax":781.0339965820312,"inputMin":108.01000213623047,"labelMax":781.0339965820312,"labelMin":108.01000213623047}