{"inputMax":807.301025390625,"inputMin":169.3509979248047,"labelMax":807.301025390625,"labelMin":169.3509979248047}