{"inputMax":752.4660034179688,"inputMin":217.9409942626953,"labelMax":752.4660034179688,"labelMin":217.9409942626953}