{"inputMax":714.6370239257812,"inputMin":98.5989990234375,"labelMax":714.6370239257812,"labelMin":98.5989990234375}